19,6,2,4,0,Yes,,,$11-30,31,https://www.yelp.com/biz/natraj-indian-cuisine-culpeper,http://www.natrajindiancuisine.com,,,,,Yes,Beer & Wine Only,Casual,Yes,,,,,No,,,,,Yes,Yes,,,,No,,Quiet,,No,,Yes,Yes,Yes,,,natraj-indian-cuisine-culpeper,Culpeper,US,"219 E Davis St, Culpeper, VA 22701",95820.1242,https://s3-media2.fl.yelpcdn.com/bphoto/xZwrdIvs6SJStUaO_uRu7Q/o.jpg,38.47287655,-77.99432985,,2,4.5,VA,22701,Indian,,,,,Closed,11:00 am - 2:30 pm5:00 pm - 9:30 pm,11:00 am - 2:30 pm5:00 pm - 9:30 pm,11:00 am - 2:30 pm5:00 pm - 9:30 pm,11:00 am - 2:30 pm5:00 pm - 9:30 pm,11:00 am - 2:30 pm5:00 pm - 9:30 pm,11:00 am - 2:30 pm5:00 pm - 9:30 pm,Classy,2,1,1,0,0,0,0,,,,0,,,,,,0,(540) 317-5293,Natraj Indian Cuisine,,,,,120,Nishan Khatri - owner & chef - https://www.facebook.com/nishan.khatri?fref=pb&hc_location=profile_browser,,,,,,,,,,,,,
21,10,2,1,1,Yes,,,$11-30,35,https://www.yelp.com/biz/little-india-baltimore-2,https://littleindia2.eat24hour.com,,,,,Yes,No,Casual,Yes,,,Yes,,Yes,,,,,Yes,Yes,,,,Yes,,Quiet,,No,,Yes,Yes,Yes,No,Free,little-india-baltimore-2,Baltimore,US,"411 S High St, Baltimore, MD 21202",8406.418954,https://s3-media3.fl.yelpcdn.com/bphoto/b5OMNzWdiKiEzCW4G8B_Zg/o.jpg,39.28545,-76.60102,,2,4.5,MD,21202,Indian,,,,,11:30 am - 2:30 pm5:00 pm - 10:00 pm,11:30 am - 2:30 pm5:00 pm - 10:00 pm,11:30 am - 2:30 pm5:00 pm - 10:00 pm,11:30 am - 2:30 pm5:00 pm - 10:00 pm,11:30 am - 2:30 pm5:00 pm - 10:30 pm,12:00 pm - 10:30 pm,12:00 pm - 9:30 pm,Casual,2,1,0,1,0,0,0,,,,0,Street,,,,,1,(410) 385-4900,Little India,,,,,70,Owner Chander Shekhar - https://www.facebook.com/chander.shekhar.92317,Chef - sunil kumar singh - private chef - https://www.facebook.com/sunil.k.singh.986?fref=pb&hc_location=friends_tab,Chef Yam Bohora - works at masala art - https://www.facebook.com/yam.bohora.1?fref=pb&hc_location=friends_tab,Chef Jawahar lal - works at chancery pavilion -https://www.facebook.com/jawahar.lal.1806?fref=pb&hc_location=friends_tab,Chef Anil Sustawar - chef at bethesda curry kitchen - https://www.facebook.com/anil.sustarwar?fref=pb&hc_location=friends_tab,"Chef Kartar Singh - works as a chef at a packaging manufacturing firm in Kentucky , not sure if this will pan out or not - https://www.facebook.com/kartarsinghgarib.singh?fref=pb&hc_location=friends_tab",,,,,,,,
25,6,3,3,1,Yes,,,$11-30,38,https://www.yelp.com/biz/spice-palace-indian-restaurant-williamsburg,http://www.indianspicepalace.com,,No,No,No,Yes,Full Bar,Casual,Yes,,,Yes,No,No,No,,,No,Yes,Yes,,No,No,No,Background,Average,Yes,No,No,Yes,Yes,Yes,Yes,Free,spice-palace-indian-restaurant-williamsburg,Williamsburg,US,"5251 John Tyler Hwy, Williamsburg, VA 23185",75707.98562,https://s3-media1.fl.yelpcdn.com/bphoto/VnGJji6bKmikBLpkIWNCyQ/o.jpg,37.25766,-76.7397,,2,4.5,VA,23185,Indian,Salad,Bars,,,11:30 am - 2:30 pm5:00 pm - 10:00 pm,11:30 am - 2:30 pm5:00 pm - 10:00 pm,11:30 am - 2:30 pm5:00 pm - 10:00 pm,11:30 am - 2:30 pm5:00 pm - 10:00 pm,11:30 am - 2:30 pm5:00 pm - 10:30 pm,12:00 pm - 3:00 pm5:00 pm - 10:30 pm,12:00 pm - 3:00 pm5:00 pm - 10:30 pm,,2,1,0,1,0,0,0,Mon, Fri, Sun,3,Street,,,,,1,(757) 220-3030,Spice Palace Indian Restaurant,,,,,wasn't willing to reveal,KEITH EDWARD PRITCHARD - owner - no social profiles as far as I can see . ,,,,,,,,,,,,,
35,14,5,2,2,Yes,,,Under $10,58,https://www.yelp.com/biz/chopathi-india-kitchen-sterling,http://www.chopathi.com/,,Yes,No,No,Yes,No,Casual,Yes,,,Yes,,No,,,Yes,,Yes,Yes,,,,No,,Loud,,Yes,,Yes,No,,,Free,chopathi-india-kitchen-sterling,Sterling,US,"21100 Dulles Town Cir, Ste 252, Sterling, VA 20166",65691.22019,https://s3-media1.fl.yelpcdn.com/bphoto/t0htL0Jc9Y1NQMjuySYOqg/o.jpg,39.03235046,-77.42372305,,1,4.5,VA,20166,Indian,FoodCourt,FastFood,,,10:00 am - 9:30 pm,10:00 am - 9:30 pm,10:00 am - 9:30 pm,10:00 am - 9:30 pm,10:00 am - 9:30 pm,10:00 am - 9:30 pm,10:00 am - 6:30 pm,Casual,2,1,0,1,0,0,0,,,,0,Garage,,,,,1,(703) 731-1445,Chopathi India Kitchen,,,,,30 to 40 ,"not considering, it's more of a takeaway place. ",,,,,,,,,,,,,
41,11,3,3,4,Yes,,,$11-30,62,https://www.yelp.com/biz/khushbu-indian-cuisine-burtonsville-3,http://www.khushburestaurant.com,,,No,,Yes,Beer & Wine Only,Casual,Yes,,,Yes,,Yes,No,,,,Yes,Yes,,,,Yes,,Quiet,,No,,Yes,Yes,Yes,Yes,No,khushbu-indian-cuisine-burtonsville-3,Burtonsville,US,"15504 Old Columbia Pike, Burtonsville, MD 20866",73887.6074,https://s3-media2.fl.yelpcdn.com/bphoto/qHR1xwYI6nz6_psVImKUIw/o.jpg,39.1095751,-76.935215,,2,4.5,MD,20866,Indian,,,,,11:30 am - 3:00 pm5:00 pm - 10:00 pm,11:30 am - 3:00 pm5:00 pm - 10:00 pm,11:30 am - 3:00 pm5:00 pm - 10:00 pm,11:30 am - 3:00 pm5:00 pm - 10:00 pm,11:30 am - 10:30 pm,12:00 pm - 3:00 pm5:00 pm - 10:30 pm,12:00 pm - 3:00 pm5:00 pm - 9:00 pm,Casual,2,1,0,1,0,0,0,,,,0,PrivateLot,,,,,1,(240) 722-6410,Khushbu Indian Cuisine,,,,,,Chef Proloy khan - probably works here - https://www.facebook.com/profile.php?id=100014767024750&fref=pb&hc_location=profile_browser,Chef Shariq mansoor - probably works here - https://www.facebook.com/shariq.masroor.9?fref=pb&hc_location=profile_browser ,"Chef Mohammad zamin - head chef here - worked at rasika , bombay club , now probably owns a stake here - https://www.facebook.com/mzamin1?ref=br_rs",Chef  Neraj Govil - works at Rasika - https://www.facebook.com/neraj.govil?fref=pb&hc_location=friends_tab,"Wendy Najera - works at Rasika - not a chef as far as I can tell , but can probably tell if someone wants to move - https://www.facebook.com/wen.turxios?fref=pb&hc_location=friends_tab","Rubio mary - works at rasika - not a chef as far as I can tell , but can refer someone maybe - https://www.facebook.com/maria.avila.733?fref=pb&hc_location=friends_tab","Dharmatma Singh - chef - works in the UK at spice of india , leicester . Might work out - https://www.facebook.com/dharmatmasingh.chauhan?fref=pb&hc_location=friends_tab ",Manish Tyagi - chef - highly qualified from the looks of it - https://www.linkedin.com/in/chefmanish/,"Chef Shrikanth Patil - based in the UK , have a look - https://www.facebook.com/profile.php?id=100003733610901&fref=pb&hc_location=friends_tab",,,,,
46,17,5,4,3,Yes,,,$11-30,75,https://www.yelp.com/biz/taste-of-india-winchester,,,No,No,,Yes,Beer & Wine Only,Casual,Yes,,,Yes,,No,No,,,,Yes,Yes,,,,Yes,,Quiet,,No,,Yes,Yes,Yes,Yes,Free,taste-of-india-winchester,Winchester,US,"1060 Millwood Pike, Winchester, VA 22602",75499.73951,https://s3-media2.fl.yelpcdn.com/bphoto/So6mPAal1A9MttpndUZbrg/o.jpg,39.1595194,-78.152291,,2,4.5,VA,22602,Indian,Buffets,,,,Closed,11:00 am - 2:30 pm5:00 pm - 9:30 pm,11:00 am - 2:30 pm5:00 pm - 9:30 pm,11:00 am - 2:30 pm5:00 pm - 9:30 pm,11:00 am - 2:30 pm5:00 pm - 9:30 pm,11:00 am - 2:30 pm5:00 pm - 9:30 pm,11:00 am - 2:30 pm5:00 pm - 9:30 pm,,2,1,0,1,0,0,0,,,,0,PrivateLot,,,,,1,(540) 486-5204,Taste of India,,,,,,Rudra khatri - works as a manager at taste of india - probably related to the owner - https://www.facebook.com/rudra.khatri.3?fref=pb&hc_location=profile_browser,,,,,,,,,,,,,
46,17,5,4,3,Yes,,,$11-30,75,https://www.yelp.com/biz/winchester-taste-of-india-winchester-2,,,No,No,,Yes,Beer & Wine Only,Casual,Yes,,,Yes,,No,No,,,,Yes,Yes,,,,Yes,,Quiet,,No,,Yes,Yes,Yes,Yes,Free,winchester-taste-of-india-winchester-2,Winchester,US,"1060 Millwood Pike, Winchester, VA 22602",37077.86298,https://s3-media2.fl.yelpcdn.com/bphoto/So6mPAal1A9MttpndUZbrg/o.jpg,39.1595194,-78.152291,,2,4.5,VA,22602,Indian,Buffets,,,,Closed,11:00 am - 2:30 pm5:00 pm - 9:30 pm,11:00 am - 2:30 pm5:00 pm - 9:30 pm,11:00 am - 2:30 pm5:00 pm - 9:30 pm,11:00 am - 2:30 pm5:00 pm - 9:30 pm,11:00 am - 2:30 pm5:00 pm - 9:30 pm,11:00 am - 2:30 pm5:00 pm - 9:30 pm,,2,1,0,1,0,0,0,,,,0,PrivateLot,,,,,1,(540) 486-5204,Winchester Taste of India,,,,,,No useful info available online,,,,,,,,,,,,,
53,12,4,6,2,Yes,,,$11-30,77,https://www.yelp.com/biz/mint-indian-cuisine-and-lounge-clarksville,http://www.mintmd.net,,No,No,,Yes,Full Bar,Casual,No,,,Yes,No,Yes,,,Yes,No,Yes,Yes,,Yes,No,Yes,Background,Average,,No,No,Yes,Yes,Yes,,Free,mint-indian-cuisine-and-lounge-clarksville,Clarksville,US,"12447 Clarksville Pike, Ste 1E, Clarksville, MD 21029",70556.15633,https://s3-media1.fl.yelpcdn.com/bphoto/b-qiV9-OOf6DZTkVdIuQNQ/o.jpg,39.20556,-76.94263,,2,4.5,MD,21029,Indian,CocktailBars,Lounges,,,11:30 am - 2:30 pm5:00 pm - 10:00 pm,11:30 am - 2:30 pm5:00 pm - 10:00 pm,11:30 am - 2:30 pm5:00 pm - 10:00 pm,11:30 am - 2:30 pm5:00 pm - 10:00 pm,11:30 am - 2:30 pm5:00 pm - 11:00 pm,11:30 am - 2:00 pm5:00 pm - 11:00 pm,11:30 am - 2:30 pm5:00 pm - 10:00 pm,"Romantic, Classy, Upscale",2,1,0,1,0,0,0,Sat,,,1,PrivateLot,,,,,1,(410) 531-1300,Mint Indian Cuisine & Lounge,,,,,,Devandla Venukumar - works at the restaurant - not chef or in the front - catering per day pay kinda thing - might know about the chef - https://www.facebook.com/VENU69?fref=pb&hc_location=profile_browser,Prince anand - owner - https://www.facebook.com/prince.anand.35?fref=pb&hc_location=profile_browser,"Anil Lohia - chef , probably - https://www.facebook.com/anil.lohia.507?fref=pb&hc_location=profile_browser",,,,,,,,,,,
54,19,2,4,0,Yes,,,$11-30,79,https://www.yelp.com/biz/bombay-blues-glen-burnie-6,http://bombaybluesbistro.com/,,,No,,Yes,Full Bar,Casual,Yes,,,Yes,,No,,,,,Yes,Yes,,,,Yes,,Quiet,,No,,Yes,Yes,Yes,Yes,Free,bombay-blues-glen-burnie-6,Glen Burnie,US,"7514 Ritchie Hwy, Glen Burnie, MD 21061",72191.4741,https://s3-media1.fl.yelpcdn.com/bphoto/9K0jibGvNnn__UqZ8mCA_Q/o.jpg,39.1612437,-76.621723,,2,4.5,MD,21061,Indian,,,,,11:30 am - 10:00 pm,11:30 am - 10:00 pm,11:30 am - 10:00 pm,11:30 am - 10:00 pm,11:30 am - 10:00 pm,11:30 am - 10:00 pm,11:30 am - 10:00 pm,Casual,2,1,0,1,0,0,0,,,,0,PrivateLot,,,,,1,(443) 883-3547,Bombay Blue's,,,,,,"Abraham Varghese - chef - head chef , maybe - https://www.facebook.com/CHEFABRAHAM?ref=br_rs",Baiju Ravindran - works on a cruise ship as a chef - https://www.facebook.com/baiju.ravindran?fref=pb&hc_location=friends_tab ,Chef Malgudi Kavitha - head chef at curry mantra - https://www.facebook.com/malgudikavithachef?ref=br_rs OR https://www.facebook.com/Chefmalgudikavitha?ref=br_rs,Balamurugan sivaraman - head chef - https://www.facebook.com/chefbala?ref=br_rs ,Nepolian Veeraswamy - chef at Amma's kitchen in cincinnati - not funnly verifiable information - https://www.facebook.com/nepolianv?fref=pb&hc_location=friends_tab ,,,,,,,,,
49,22,8,0,3,Yes,,,$11-30,82,https://www.yelp.com/biz/choolaah-indian-bbq-sterling-2,http://choolaah.com,,Yes,Yes,,Yes,Beer & Wine Only,Casual,Yes,,,Yes,,No,,,,,Yes,Yes,,,,No,,Average,,Yes,,Yes,No,No,,No,choolaah-indian-bbq-sterling-2,Sterling,US,"21426 Epicerie Plz, Sterling, VA 20164",91102.88245,https://s3-media1.fl.yelpcdn.com/bphoto/aaHYBEP0e6PN-ZxPhg_JNg/o.jpg,39.02364,-77.39502,,2,4.5,VA,20164,Indian,,,,,11:00 am - 9:00 pm,11:00 am - 9:00 pm,11:00 am - 9:00 pm,11:00 am - 9:00 pm,11:00 am - 10:00 pm,11:00 am - 10:00 pm,11:00 am - 9:00 pm,"Casual, Trendy",2,1,0,1,0,0,0,,,,0,Street,PrivateLot,,,,2,(571) 418-0635,Choolaah Indian BBQ,,,,,,This is a takeaway kind of restaurant - more likely to have a set of fixed recipies without a lot of changes . Not considering . ,,,,,,,,,,,,,
64,19,1,4,0,Yes,,,Under $10,88,https://www.yelp.com/biz/padminis-curry-grill-frederick,http://www.padminis.com,,Yes,,,Yes,No,Casual,Yes,,,Yes,,No,,,,,Yes,Yes,,,,Yes,,Average,,Yes,,Yes,No,No,Yes,Free,padminis-curry-grill-frederick,Frederick,US,"1700 Kingfisher Dr, Ste 24, Frederick, MD 21701",48662.01938,https://s3-media2.fl.yelpcdn.com/bphoto/2Oi5iO4ggvhuB4WehAZalg/o.jpg,39.447001,-77.38349517,,1,4.5,MD,21701,Indian,,,,,11:00 am - 9:00 pm,11:00 am - 9:00 pm,11:00 am - 9:00 pm,11:00 am - 9:00 pm,11:00 am - 9:00 pm,11:00 am - 9:00 pm,11:00 am - 9:00 pm,Casual,2,1,0,1,0,0,0,,,,0,,,,,,0,(240) 651-3293,Padmini's Curry Grill,,,,,,cannot find any info online,,,,,,,,,,,,,
82,11,7,3,2,Yes,,,$11-30,105,https://www.yelp.com/biz/7-spice-fine-indian-cuisine-mclean,http://www.7spiceva.com,,,,,Yes,Full Bar,Casual,Yes,,,Yes,,Yes,Yes,,,,Yes,Yes,,,,No,,Quiet,Yes,Yes,,Yes,Yes,Yes,Yes,Free,7-spice-fine-indian-cuisine-mclean,McLean,US,"1379 Beverly Rd, McLean, VA 22101",88417.44914,https://s3-media2.fl.yelpcdn.com/bphoto/GbI9ntlSu0LLVFuDJ-DRAA/o.jpg,38.93503,-77.1794,,2,4.5,VA,22101,Indian,,,,,11:30 am - 2:30 pm5:00 pm - 9:30 pm,11:30 am - 2:30 pm5:00 pm - 9:30 pm,11:30 am - 2:30 pm5:00 pm - 9:30 pm,11:30 am - 2:30 pm5:00 pm - 9:30 pm,11:30 am - 2:30 pm5:00 pm - 9:30 pm,12:00 pm - 3:00 pm5:00 pm - 9:30 pm,12:00 pm - 3:00 pm5:00 pm - 9:30 pm,"Casual, Classy",2,1,0,1,0,0,0,,,,0,Garage,Street,,,,2,(703) 827-0444,7 Spice Fine Indian Cuisine,,,,,,ravinder kumar - head chef  - https://www.facebook.com/profile.php?id=100015271530473&fref=pb&hc_location=profile_browser,Marissa raj - owner - probably - https://www.facebook.com/marissa.e.raj?fref=pb&hc_location=profile_browser,,,,,,,,,,,,
73,26,2,12,4,Yes,,,$11-30,117,https://www.yelp.com/biz/spice-n-curry-elkridge,http://www.spicencurrymd.com/,,,No,No,Yes,No,Casual,Yes,,,Yes,,Yes,No,,Yes,,Yes,Yes,,,,Yes,,Average,,No,,Yes,Yes,Yes,Yes,Free,spice-n-curry-elkridge,Elkridge,US,"6590 Old Waterloo Rd, Elkridge, MD 21075",96121.38486,https://s3-media4.fl.yelpcdn.com/bphoto/cz4RGFB39bC5mz9HiRxCmw/o.jpg,39.18896,-76.7921999,,2,4.5,MD,21075,Indian,,,,,Closed,11:30 am - 2:30 pm5:30 pm - 9:30 pm,11:30 am - 2:30 pm5:30 pm - 9:30 pm,11:30 am - 2:30 pm5:30 pm - 9:30 pm,11:30 am - 2:30 pm5:30 pm - 10:00 pm,12:00 pm - 3:00 pm5:30 pm - 10:00 pm,12:00 pm - 3:00 pm5:30 pm - 9:30 pm,Casual,3,1,0,1,1,0,0,,,,0,PrivateLot,,,,,1,(443) 661-4068,Spice N Curry,,,,,,Dheeraj reddy - owner - https://www.facebook.com/dheeraj.puchakayala?fref=pb&hc_location=profile_browser,Divya Reddy - owner - https://www.facebook.com/DivyaPMogulla?fref=pb&hc_location=profile_browser,,,,,,,,,,,,
73,33,7,5,6,Yes,,,$11-30,124,https://www.yelp.com/biz/taste-of-india-harrisonburg,http://tasteofindiahbg.com,,No,No,,Yes,Beer & Wine Only,Casual,Yes,,,Yes,,No,,,Yes,,Yes,Yes,,,,No,,Average,,No,,Yes,Yes,Yes,,Free,taste-of-india-harrisonburg,Harrisonburg,US,"498 University Blvd, Ste D, Harrisonburg, VA 22801",86038.75377,https://s3-media4.fl.yelpcdn.com/bphoto/Mr8EOpUlmUM58HCMisX5QA/o.jpg,38.42861,-78.855,,2,4.5,VA,22801,Indian,,,,,,,,,,,,Casual,2,1,0,1,0,0,0,,,,0,PrivateLot,,,,,1,(540) 433-3320,Taste of India,,,,,,no info avaailable online,,,,,,,,,,,,,
74,32,7,9,3,Yes,,,$11-30,125,https://www.yelp.com/biz/taste-of-india-gainesville-3,http://tasteofindianova.com,,,Yes,,Yes,Full Bar,Casual,Yes,,,Yes,,No,,,,,Yes,Yes,,,,No,,Average,,No,,Yes,Yes,Yes,No,No,taste-of-india-gainesville-3,Gainesville,US,"14706 Lee Hwy, Gainesville, VA 20155",74007.99408,https://s3-media4.fl.yelpcdn.com/bphoto/l2H4f5gyjRQQyEm5Gr-uqg/o.jpg,38.7923041,-77.6273652,,2,4.5,VA,20155,Indian,,,,,11:00 am - 2:30 pm5:00 pm - 10:30 pm,11:00 am - 2:30 pm5:00 pm - 10:30 pm,11:00 am - 2:30 pm5:00 pm - 10:30 pm,11:00 am - 2:30 pm5:00 pm - 10:30 pm,11:00 am - 2:30 pm5:00 pm - 10:30 pm,11:00 am - 2:30 pm5:00 pm - 10:30 pm,11:00 am - 2:30 pm5:00 pm - 10:30 pm,Casual,2,1,0,1,0,0,0,,,,0,PrivateLot,,,,,1,(703) 743-5151,Taste of India,,,,,,Chef Mohan chhetri - https://www.facebook.com/mohan.chhetri.583?fref=pb&hc_location=profile_browser,chef santosh rijal - sous chef - https://www.facebook.com/rijal.risk?fref=pb&hc_location=profile_browser,,,,,,,,,,,,
92,25,8,8,6,Yes,,,$11-30,139,https://www.yelp.com/biz/bollywood-bistro-great-falls-3,http://www.bollywoodbistrofairfax.com,,No,No,,Yes,Full Bar,Casual,No,,,Yes,,Yes,,,,,Yes,Yes,,,,Yes,,Average,,No,,Yes,Yes,Yes,,Free,bollywood-bistro-great-falls-3,Great Falls,US,"9853 Georgetown Pike, Great Falls, VA 22066",76826.44874,https://s3-media3.fl.yelpcdn.com/bphoto/0u9e84Kmh0Fe4yQXJGo8PQ/o.jpg,38.99761119,-77.28694447,,2,4.5,VA,22066,Indian,,,,,11:30 am - 2:30 pm5:00 pm - 10:00 pm,11:30 am - 2:30 pm5:00 pm - 10:00 pm,11:30 am - 2:30 pm5:00 pm - 10:00 pm,11:30 am - 2:30 pm5:00 pm - 10:00 pm,5:00 am - 10:00 pm,12:00 pm - 3:00 pm5:00 pm - 10:00 pm,12:00 pm - 3:00 pm5:00 pm - 9:30 pm,,2,1,0,1,0,0,0,,,,0,PrivateLot,,,,,1,(703) 865-0450,Bollywood Bistro,,,,,,Cannot find social media profiles of chefs,Santosh Pandit - maybe works as commie chef - https://www.facebook.com/santoran22004?lst=1631344276%3A100000679028818%3A1509135877 ,Head chef - Sunil Bastola - no social media profiles anywhere ,Karthik Arumurugam chef - https://www.facebook.com/karthikchef1988?fref=pb&hc_location=friends_tab ,Nohel Medina - chef at rasika - https://www.facebook.com/alvaro.montoya.58 ,,,,,,,,,
78,48,15,3,3,Yes,,,$11-30,147,https://www.yelp.com/biz/nawab-indian-cuisine-norfolk,http://www.nawabonline.com/,,No,No,,Yes,Full Bar,Casual,Yes,,,Yes,,No,,,,,Yes,Yes,,,,No,,Quiet,,No,,Yes,Yes,Yes,,No,nawab-indian-cuisine-norfolk,Norfolk,US,"888 N Military Hwy, Norfolk, VA 23502",61639.68648,https://s3-media2.fl.yelpcdn.com/bphoto/w5Syn8ojaVawPqF5O1790g/o.jpg,36.8542599,-76.2091499,,2,4.5,VA,23502,Indian,,,,,,,,,,,,Classy,2,1,0,1,0,0,0,,,,0,PrivateLot,,,,,1,(757) 455-8080,Nawab Indian Cuisine,,,,,,cannot find any info online,,,,,,,,,,,,,
109,27,6,2,4,Yes,,,$11-30,148,https://www.yelp.com/biz/mango-grill-hagerstown-2,http://mangogrillhagerstown.com,,No,Yes,No,Yes,No,Casual,Yes,,,Yes,,No,,,,,Yes,Yes,,,,No,,Quiet,,No,,Yes,Yes,Yes,No,No,mango-grill-hagerstown-2,Hagerstown,US,"11205 John F Kennedy Dr, Rosewood Commons, Hagerstown, MD 21742",30762.34192,https://s3-media4.fl.yelpcdn.com/bphoto/YN2wwQa-oED97pL0zAFMBg/o.jpg,39.6224998,-77.67626534,,2,4.5,MD,21742,Indian,Thai,,,,Closed,11:30 am - 2:30 pm5:00 pm - 9:00 pm,11:30 am - 2:30 pm5:00 pm - 9:00 pm,11:30 am - 2:30 pm5:00 pm - 9:00 pm,11:30 am - 2:30 pm5:00 pm - 9:30 pm,12:00 pm - 3:00 pm5:00 pm - 9:30 pm,12:00 pm - 3:00 pm5:00 pm - 9:00 pm,Casual,2,1,0,1,0,0,0,,,,0,PrivateLot,,,,,1,(240) 707-6220,Mango Grill,,,,,,I know the owner personally . He doesn't have good chefs himself . No point considering this . ,,,,,,,,,,,,,
108,32,5,2,6,Yes,,,$11-30,153,https://www.yelp.com/biz/coastal-spice-virginia-beach,http://www.coastalspice.com,,,No,,Yes,Full Bar,Casual,Yes,,,Yes,,Yes,No,,Yes,,Yes,Yes,,,,No,,Average,Yes,No,,Yes,Yes,Yes,Yes,Free,coastal-spice-virginia-beach,Virginia Beach,US,"5204 Fairfield Shopping Ctr, Virginia Beach, VA 23464",57505.86375,https://s3-media4.fl.yelpcdn.com/bphoto/U4K3bSrrTd54xFzGis73og/o.jpg,36.81493644,-76.16584,,2,4.5,VA,23464,Indian,Desserts,Buffets,,,11:30 am - 9:00 pm,11:30 am - 9:00 pm,11:30 am - 9:00 pm,11:30 am - 9:00 pm,11:30 am - 10:00 pm,11:30 am - 10:00 pm,11:30 am - 9:00 pm,Casual,2,1,0,1,0,0,0,,,,0,,,,,,0,(757) 467-1891,Coastal Spice,,,,,,Ajith Aravindakshan chef - https://www.facebook.com/ajith.pattetharvindakshan?fref=pb&hc_location=profile_browser ,,,,,,,,,,,,,
85,48,8,7,6,Yes,,,$11-30,154,https://www.yelp.com/biz/curry-and-kabob-columbia,http://www.currykabobrestaurant.com,,,No,,Yes,Beer & Wine Only,Casual,Yes,,,Yes,,Yes,,,,,Yes,Yes,,,,No,,Quiet,,No,,Yes,Yes,,,No,curry-and-kabob-columbia,Columbia,US,"10451 Twin Rivers Rd, Columbia, MD 21044",90433.4447,https://s3-media2.fl.yelpcdn.com/bphoto/1GFuy6PW7AHDC-obPqucbw/o.jpg,39.21962767,-76.87370246,,2,4.5,MD,21044,Indian,,,,,11:00 am - 10:00 pm,11:00 am - 10:00 pm,11:00 am - 10:00 pm,11:00 am - 10:00 pm,11:00 am - 11:00 pm,11:30 am - 11:00 pm,11:30 am - 10:00 pm,Casual,0,0,0,0,0,0,0,,,,0,PrivateLot,,,,,1,(410) 715-8777,Curry & Kabob,,,,,,"Nepalese restaurant , doesn't focus too much on indian",,,,,,,,,,,,,
168,23,13,3,7,Yes,,,$11-30,214,https://www.yelp.com/biz/bollywood-masala-indian-restaurant-la-plata,http://bollywoodmasalarestaurant.com,,,No,,Yes,Full Bar,Casual,Yes,,,Yes,,No,,,,,Yes,Yes,,,,No,,Quiet,,No,,Yes,Yes,Yes,Yes,No,bollywood-masala-indian-restaurant-la-plata,La Plata,US,"120 Rosewick Rd, La Plata, MD 20646",11608.63164,https://s3-media2.fl.yelpcdn.com/bphoto/sBDUj9E2KE4s_aBUnLWDfw/o.jpg,38.55645551,-76.98516807,,2,4.5,MD,20646,Indian,,,,,Closed,11:00 am - 9:00 pm,11:00 am - 9:00 pm,11:00 am - 9:00 pm,11:00 am - 9:30 pm,11:30 am - 9:30 pm,11:30 am - 9:00 pm,Casual,2,1,0,1,0,0,0,,,,0,PrivateLot,,,,,1,(240) 776-4689,Bollywood Masala Indian Restaurant,,,,,,no info avaailable online,,,,,,,,,,,,,
121,77,11,5,12,Yes,,,$11-30,226,https://www.yelp.com/biz/bombay-nights-perry-hall,http://www.bombaynights.net,,No,No,,Yes,No,Casual,Yes,,,Yes,,Yes,,,,,Yes,Yes,,,,No,,Average,,No,,Yes,Yes,,,No,bombay-nights-perry-hall,Perry Hall,US,"5007 Honeygo Center Dr, Perry Hall, MD 21128",67167.68682,https://s3-media4.fl.yelpcdn.com/bphoto/oaGWeGOm2UDYbOpzYFjSdA/o.jpg,39.40483508,-76.44292731,,2,4.5,MD,21128,Indian,,,,,11:30 am - 2:30 pm5:00 pm - 10:00 pm,11:30 am - 2:30 pm5:00 pm - 10:00 pm,11:30 am - 2:30 pm5:00 pm - 10:00 pm,11:30 am - 2:30 pm5:00 pm - 10:00 pm,11:30 am - 2:30 pm5:00 pm - 11:00 pm,11:30 am - 2:30 pm5:00 pm - 11:00 pm,11:30 am - 2:30 pm5:00 pm - 10:00 pm,Casual,2,1,0,1,0,0,0,,,,0,PrivateLot,,,,,1,(410) 248-3131,Bombay Nights,,,,,,The chef is the owner . Not useful for Indaroma. ,Lohani Nishan - might work here - https://www.facebook.com/Nishan1986?fref=pb&hc_location=profile_browser,,,,,,,,,,,,
161,46,12,9,3,Yes,,,$11-30,231,https://www.yelp.com/biz/namaste-gambrills,http://www.namastemaryland.com,,,,,Yes,Full Bar,Casual,No,,,Yes,,No,,,,,Yes,Yes,,,,Yes,,Quiet,,No,,Yes,Yes,Yes,,No,namaste-gambrills,Gambrills,US,"2510 Conway Rd, Ste 109, Gambrills, MD 21054",49265.34887,https://s3-media3.fl.yelpcdn.com/bphoto/x9MYgMoq3bBywUU7ErgqUg/o.jpg,39.02021865,-76.69657206,,2,4.5,MD,21054,Indian,,,,,11:30 am - 2:30 pm5:00 pm - 9:30 pm,11:30 am - 2:30 pm5:00 pm - 9:30 pm,11:30 am - 2:30 pm5:00 pm - 9:30 pm,11:30 am - 2:30 pm5:00 pm - 9:30 pm,11:30 am - 2:30 pm5:00 pm - 10:30 pm,12:00 pm - 3:00 pm5:00 pm - 10:30 pm,12:00 pm - 3:00 pm5:00 pm - 9:30 pm,,2,1,0,1,0,0,0,,,,0,,,,,,0,(410) 721-5654,Namaste,,,,,,"Owner - Debendra Sapkota , chef - chef Lashan . No social media profiles. ",,,,,,,,,,,,,
126,69,28,10,6,Yes,,,$11-30,239,https://www.yelp.com/biz/lehja-richmond-2,http://www.lehja.com,,,No,,Yes,Full Bar,Casual,Yes,,,Yes,,No,,,,,Yes,Yes,,,,No,,Average,,Yes,,Yes,Yes,,,Free,lehja-richmond-2,Richmond,US,"11800 W Broad St, Ste 910, Short Pump Town Center, Richmond, VA 23233",91718.57598,https://s3-media2.fl.yelpcdn.com/bphoto/OdSxdFnTPLdv0J1XURcpYA/o.jpg,37.657057,-77.618543,,2,4.5,VA,23233,Indian,,,,,11:30 am - 2:30 pm5:00 pm - 10:00 pm,11:30 am - 2:30 pm5:00 pm - 10:00 pm,11:30 am - 2:30 pm5:00 pm - 10:00 pm,11:30 am - 2:30 pm5:00 pm - 10:00 pm,11:30 am - 2:30 pm5:00 pm - 10:30 pm,11:30 am - 2:30 pm5:00 pm - 10:30 pm,12:00 pm - 3:00 pm5:00 pm - 9:00 pm,Trendy,1,0,0,1,0,0,0,,,,0,PrivateLot,,,,,1,(804) 364-1111,Lehja,,,,,,The chef is the owner . Sunny Baweja - https://www.facebook.com/sandeep.baweja.92?fref=pb&hc_location=profile_browser ,Surbhi Sahni - executive chef at bittersweet nyc - https://www.facebook.com/surbhi.sahni.90?fref=pb&hc_location=friends_tab,"Floyd cardoz - chef and owner at paowala , nyc - https://www.facebook.com/floyd.cardoz?fref=pb&hc_location=friends_tab",KN Vinod - chef and owner at indique - https://www.facebook.com/K.N.Vinod?fref=pb&hc_location=friends_tab,Charanjeet Ghotra - owner at milan indian cuisine - https://www.facebook.com/cghotra?fref=pb&hc_location=profile_browser,,,,,,,,,
187,37,3,4,11,Yes,,,$11-30,242,https://www.yelp.com/biz/masala-bites-virginia-beach,,,,No,,Yes,Beer & Wine Only,Casual,Yes,,,Yes,,No,,,,,Yes,Yes,,,,No,,Quiet,,No,,Yes,Yes,,,Free,masala-bites-virginia-beach,Virginia Beach,US,"2133 Upton Dr, Ste 128, Red Mill Commons Shopping Ctr, Virginia Beach, VA 23454",54545.50423,https://s3-media3.fl.yelpcdn.com/bphoto/pGCok1dJE3se64cSOj4QsA/o.jpg,36.759644,-76.006805,,2,4.5,VA,23454,Indian,Breakfast&Brunch,,,,11:30 am - 2:30 pm5:00 pm - 10:00 pm,11:30 am - 2:30 pm5:00 pm - 10:00 pm,11:30 am - 2:30 pm5:00 pm - 10:00 pm,11:30 am - 2:30 pm5:00 pm - 10:00 pm,11:30 am - 2:30 pm5:00 pm - 10:30 pm,12:00 pm - 3:00 pm5:00 pm - 10:30 pm,12:00 pm - 3:00 pm5:00 pm - 10:00 pm,Classy,1,0,0,1,0,0,0,,,,0,PrivateLot,,,,,1,(757) 563-2828,Masala Bites,,,,,,no info avaailable online,Chef Jaideep Gill - no social media profiles,,,,,,,,,,,,
132,67,22,14,7,Yes,,,$11-30,242,https://www.yelp.com/biz/monsoon-eclectic-modern-indian-hampton,http://www.monsoonva.com,,No,,,Yes,Full Bar,Casual,Yes,,,Yes,,No,,,,,Yes,Yes,,,,Yes,,Average,,Yes,,Yes,Yes,,,No,monsoon-eclectic-modern-indian-hampton,Hampton,US,"2150 Allainby Way, Hampton, VA 23666",85204.93943,https://s3-media3.fl.yelpcdn.com/bphoto/LGOaDNs-BaryDvjZJ139Kw/o.jpg,37.04454,-76.39506,,2,4.5,VA,23666,Indian,Soup,Seafood,,,11:00 am - 2:30 pm5:00 pm - 10:00 pm,11:00 am - 2:30 pm5:00 pm - 10:00 pm,11:00 am - 2:30 pm5:00 pm - 10:00 pm,11:00 am - 2:30 pm5:00 pm - 10:00 pm,11:00 am - 2:30 pm5:00 pm - 10:30 pm,12:00 pm - 3:00 pm5:00 pm - 10:30 pm,12:00 pm - 3:00 pm5:00 pm - 10:00 pm,Trendy,2,1,0,1,0,0,0,,,,0,Street,,,,,1,(757) 224-1633,Monsoon Eclectic Modern Indian,,,,,,Amit kumar - executive chef - https://www.facebook.com/profile.php?id=1637193111&ref=br_rs ,,,,,,,,,,,,,
149,56,26,12,8,Yes,,,$11-30,251,https://www.yelp.com/biz/spice-6-modern-indian-dunn-lorring,http://www.spice-6.com,,Yes,Yes,,Yes,Beer & Wine Only,Casual,Yes,,,Yes,,Yes,,,,,Yes,Yes,,,,No,,Average,,No,,Yes,Yes,No,Yes,Free,spice-6-modern-indian-dunn-lorring,Dunn Lorring,US,"2674 Avenir Pl, Dunn Lorring, VA 22180",89367.78872,https://s3-media1.fl.yelpcdn.com/bphoto/8vsC0DDeMdA7VxAptFpppQ/o.jpg,38.8815236,-77.23035133,,2,4.5,VA,22180,Indian,,,,,11:00 am - 10:00 pm,11:00 am - 10:00 pm,11:00 am - 10:00 pm,11:00 am - 10:00 pm,11:00 am - 10:00 pm,11:00 am - 10:00 pm,11:00 am - 10:00 pm,Casual,2,1,0,1,0,0,0,,,,0,Garage,Street,,,,2,(703) 641-0080,Spice 6 Modern Indian,,,,,,no info avaailable online,,,,,,,,,,,,,
175,61,20,17,10,Yes,,,$11-30,283,https://www.yelp.com/biz/kadhai-boutique-indian-cuisine-bethesda-2,http://kadhai.com/,,No,No,,Yes,Full Bar,Casual,Yes,,,Yes,,Yes,,,Yes,,Yes,Yes,,,,No,,Average,,Yes,,Yes,Yes,,,No,kadhai-boutique-indian-cuisine-bethesda-2,Bethesda,US,"7905 Norfolk Ave, Bethesda, MD 20814",2437.726898,https://s3-media4.fl.yelpcdn.com/bphoto/ByyV62nF6GIgKuUagws-DA/o.jpg,38.989216,-77.097374,,2,4.5,MD,20814,Indian,,,,,11:30 am - 2:30 pm5:00 pm - 10:00 pm,11:30 am - 2:30 pm5:00 pm - 10:00 pm,11:30 am - 2:30 pm5:00 pm - 10:00 pm,11:30 am - 2:30 pm5:00 pm - 10:00 pm,11:30 am - 2:30 pm5:00 pm - 10:30 pm,11:30 am - 2:30 pm5:00 pm - 10:30 pm,11:30 am - 2:30 pm5:00 pm - 10:00 pm,Classy,1,1,0,0,0,0,0,,,,0,Street,,,,,1,(301) 718-0121,Kadhai Boutique Indian Cuisine,,,,,,"Muhammad Mazhar - not this one , but works at Kadhai in raleigh , NC - https://www.facebook.com/profile.php?id=100008539173116&ref=br_rs ",,,,,,,,,,,,,
268,59,14,11,4,Yes,,,$11-30,356,https://www.yelp.com/biz/chutney-indian-restaurant-columbia-2,http://chutneymd.com/,,,No,,Yes,Full Bar,Casual,No,,,Yes,,Yes,,,,,Yes,Yes,,,,No,,Average,,No,,Yes,Yes,Yes,Yes,Free,chutney-indian-restaurant-columbia-2,Columbia,US,"9400 Snowden River Pkwy, Columbia, MD 21045",94370.07492,https://s3-media1.fl.yelpcdn.com/bphoto/mT_DVNDUoBv9vg1VHBq1-w/o.jpg,39.17660267,-76.83738704,,2,4.5,MD,21045,Indian,Buffets,,,,11:30 am - 2:30 pm5:00 pm - 10:00 pm,11:30 am - 2:30 pm5:00 pm - 10:00 pm,11:30 am - 2:30 pm5:00 pm - 10:00 pm,11:30 am - 2:30 pm5:00 pm - 10:00 pm,11:30 am - 2:30 pm5:00 pm - 11:00 pm,11:30 am - 3:00 pm5:00 pm - 11:00 pm,11:30 am - 3:00 pm5:00 pm - 10:00 pm,Classy,2,1,0,1,0,0,0,,,,0,PrivateLot,,,,,1,(410) 381-3600,Chutney Indian Restaurant,,,,,,Ghouse Bin Avad - manager - https://www.facebook.com/ghouse.binavad?ref=br_rs,Rachel ghaa- chef - https://www.facebook.com/lorator.g?ref=br_rs,,,,,,,,,,,,
418,58,15,6,11,Yes,,,$11-30,508,https://www.yelp.com/biz/royal-taj-columbia-2,http://royaltajmd.com,,,No,,Yes,Full Bar,Casual,Yes,,,Yes,,No,,,,,Yes,Yes,,,,No,,Average,,No,,Yes,Yes,Yes,,No,royal-taj-columbia-2,Columbia,US,"8335 Benson Dr, Columbia, MD 21045",95728.85605,https://s3-media4.fl.yelpcdn.com/bphoto/8ydFWg4hsqmBv5dbgCm-KA/o.jpg,39.186227,-76.801016,,2,4.5,MD,21045,Indian,,,,,11:30 am - 2:30 pm5:00 pm - 10:00 pm,11:30 am - 2:30 pm5:00 pm - 10:00 pm,11:30 am - 2:30 pm5:00 pm - 10:00 pm,11:30 am - 2:30 pm5:00 pm - 10:00 pm,11:30 am - 2:30 pm5:00 pm - 11:00 pm,11:30 am - 3:00 pm5:00 pm - 11:00 pm,11:30 am - 3:00 pm5:00 pm - 10:00 pm,Classy,2,1,0,1,0,0,0,,,,0,PrivateLot,,,,,1,(410) 381-1111,Royal Taj,,,,,,neftaly hernandez - chef - https://www.facebook.com/neftaly.hernandez.549?ref=br_rs,"Shivraj singh - chef , maybe , no way to verify accuracy - https://www.facebook.com/profile.php?id=100009558076161&ref=br_rs",,,,,,,,,,,,
311,167,37,25,25,Yes,,,$11-30,565,https://www.yelp.com/biz/indigo-washington-3,http://www.indigowdc.com,,No,Yes,,Yes,Beer & Wine Only,Casual,Yes,,,Yes,,Yes,,,Yes,,Yes,Yes,,,,Yes,,Average,,Yes,,Yes,No,No,,No,indigo-washington-3,"Washington, DC",US,"243 K St NE, Washington, DC 20002",2189.446457,https://s3-media2.fl.yelpcdn.com/bphoto/43Bo5S5U9pu01-q6ycEreg/o.jpg,38.902205,-77.002233,,2,4.5,DC,20002,Indian,,,,,11:00 am - 9:00 pm,11:00 am - 9:00 pm,11:00 am - 9:00 pm,11:00 am - 9:00 pm,11:00 am - 9:00 pm,4:00 pm - 10:00 pm,Closed,Casual,2,1,0,1,0,0,0,,,,0,Street,,,,,1,(202) 544-4777,Indigo,,,,,,Dinesh tandon - owner - https://www.facebook.com/dinesh.tandon.7?ref=br_rs,"Rajeev kakkar - chef , not sure , have to verify accuracy - https://www.facebook.com/profile.php?id=100009059987973&ref=br_rs",,,,,,,,,,,,
1402,604,259,110,76,No,,,$31-60,2451,https://www.yelp.com/biz/rasika-washington,http://www.rasikarestaurant.com/pennquarter/,,Yes,No,,Yes,Full Bar,Dressy,Yes,,,No,,No,,,,,Yes,No,,,,No,,Average,,No,,Yes,Yes,Yes,,No,rasika-washington,"Washington, DC",US,"633 D St NW, Washington, DC 20004",1167.499454,https://s3-media4.fl.yelpcdn.com/bphoto/rkzs8Jh88L7SiUYbiD_4Lw/o.jpg,38.89500809,-77.02128601,,3,4.5,DC,20004,Indian,,,,,11:30 am - 2:30 pm5:30 pm - 10:30 pm,11:30 am - 2:30 pm5:30 pm - 10:30 pm,11:30 am - 2:30 pm5:30 pm - 10:30 pm,11:30 am - 2:30 pm5:30 pm - 10:30 pm,11:30 am - 2:30 pm5:00 pm - 11:00 pm,5:00 pm - 11:00 pm,Closed,Classy,1,0,0,1,0,0,0,,,,0,Valet,,,,,1,(202) 637-1222,Rasika,,,,,,Ahmed abdalrahman - works at rasika - https://www.facebook.com/ahmed.abdalrahman.1048?ref=br_rs,"Wendy najera - might not be a chef , but might know chefs - https://www.facebook.com/wen.turxios?ref=br_rs ","Jose Diaz - might not be a chef , but might know chefs - https://www.facebook.com/profile.php?id=100007157344728&ref=br_rs ",Ram ramzy - works at rasika - likely to be a chef - https://www.facebook.com/ram.ramzy/friends?pnref=lhc,"Ron jolly - bartender at rasika , might know chefs - https://www.facebook.com/RonJolly?ref=br_rs",Sudarshan Budhathoki - chef at rasika - https://www.facebook.com/sudarshan.lila?ref=br_rs ,Nixon sunny - waiter at rasika - might know chefs - https://www.facebook.com/anukutan?ref=br_rs,Sudarshan lila - chef at rasika - https://www.facebook.com/sudarshan.budhathoki.984?ref=br_rs ,Karen james - works at rasika - not a chef as far as I can tell - https://www.facebook.com/kate.triste?ref=br_rs ,"Isabella lara - works at rasika , not a chef - https://www.facebook.com/isabella.lara.3994?ref=br_rs ",Alexander cruz - works at rasika - not sure what role - https://www.facebook.com/malexander.cruz.5?ref=br_rs,"Jenny tinoco - works at rasika , not sure of role - https://www.facebook.com/jennyjohanna.membrenotinoco?ref=br_rs ",Markitos Menjivar -captain at rasika - https://www.facebook.com/markitos.menjivar.5?ref=br_rs ,Joan Ibarra - manager at rasika - https://www.facebook.com/joann.donis?ref=br_rs
28,6,1,1,0,Yes,,,Under $10,36,https://www.yelp.com/biz/hot-and-cold-cafe-lynchburg,http://hotcoldcafe.com/,,,,,Yes,No,Casual,Yes,,,Yes,,No,,,Yes,,Yes,Yes,,,,No,,Quiet,,No,,Yes,Yes,,,No,hot-and-cold-cafe-lynchburg,Lynchburg,US,"205 9th St, Lynchburg, VA 24504",33960.21352,https://s3-media1.fl.yelpcdn.com/bphoto/1h1trDw4flYI1AudZUkulA/o.jpg,37.41477203,-79.14271545,,1,4.5,VA,24504,Indian,Mediterranean,Vegetarian,,,10:00 am - 7:00 pm,10:00 am - 7:00 pm,10:00 am - 7:00 pm,10:00 am - 7:00 pm,10:00 am - 7:00 pm,11:00 am - 6:00 pm,Closed,Casual,1,1,0,0,0,0,0,,,,0,Street,,,,,1,(434) 846-4976,Hot and Cold Cafe,,,,,,owner uday mukherjee  - no social media profiles. ,,,,,,,,,,,,,
45,6,4,4,2,Yes,,,$11-30,61,https://www.yelp.com/biz/india-garden-bel-air,http://www.indiagardenus.com,,,,Yes,Yes,Beer & Wine Only,Casual,No,,,Yes,,No,,,,,Yes,Yes,,,,No,,Average,,No,,Yes,Yes,Yes,Yes,No,india-garden-bel-air,Bel Air,US,"5 Bel Air S Pkwy, Ste 1615, Bel Air, MD 21015",57393.86391,https://s3-media2.fl.yelpcdn.com/bphoto/_F0oLWdiETMVCUICXHFv0g/o.jpg,39.49690513,-76.328476,,2,4.5,MD,21015,Indian,Pakistani,Vegan,,,11:00 am - 9:00 pm,11:00 am - 9:00 pm,11:00 am - 9:00 pm,11:00 am - 9:00 pm,11:00 am - 10:00 pm,11:00 am - 10:00 pm,11:00 am - 9:00 pm,Casual,2,1,0,1,0,0,0,,,,0,PrivateLot,,,,,1,(443) 456-3282,India Garden,,,,,,no info avaailable online,,,,,,,,,,,,,
53,18,4,3,7,Yes,,,$11-30,85,https://www.yelp.com/biz/ambrosia-chester,http://www.ambrosiaindiancuisine.com,,,,,Yes,Full Bar,Casual,Yes,,,No,,No,,,,,Yes,Yes,,,,Yes,,Quiet,,No,,Yes,Yes,,,No,ambrosia-chester,Chester,US,"11 W Hundred Rd, Chester, VA 23836",97620.26908,https://s3-media2.fl.yelpcdn.com/bphoto/2ZWpBYnM378TxjibuZ3Iw/o.jpg,37.3488574,-77.3630229,,2,4.5,VA,23836,Indian,Vegetarian,,,,11:00 am - 10:00 pm,11:00 am - 10:00 pm,11:00 am - 10:00 pm,11:00 am - 10:00 pm,11:00 am - 11:00 pm,11:00 am - 11:00 pm,11:00 am - 10:00 pm,,0,0,0,0,0,0,0,,,,0,PrivateLot,,,,,1,(804) 571-6150,Ambrosia,,,,,,no info avaailable online,,,,,,,,,,,,,
81,22,7,0,2,Yes,,,$11-30,112,https://www.yelp.com/biz/himalayan-bistro-baltimore-4,http://www.bistrohimalayan.com,,No,No,,Yes,No,Casual,No,,,,,Yes,,,,,Yes,Yes,,,,Yes,,Quiet,,No,,Yes,Yes,Yes,,No,himalayan-bistro-baltimore-4,Baltimore,US,"1030 Light St, Baltimore, MD 21230",8131.473502,https://s3-media4.fl.yelpcdn.com/bphoto/1s9jh4C2fNCSDmCBMivxTw/o.jpg,39.27750397,-76.61277008,,2,4.5,MD,21230,Indian,Himalayan/Nepalese,,,,11:30 am - 10:00 pm,11:30 am - 10:00 pm,11:30 am - 10:00 pm,11:30 am - 10:00 pm,11:30 am - 11:00 pm,11:30 am - 11:00 pm,11:30 am - 10:00 pm,Casual,2,1,0,1,0,0,0,,,,0,Street,,,,,1,(443) 708-3157,Himalayan Bistro,,,,,,"focuses more on nepali cuisine , not indian , might not be useful . ",,,,,,,,,,,,,
92,19,4,3,1,Yes,,,$11-30,119,https://www.yelp.com/biz/namaste-baltimore-baltimore,http://www.namastebaltimore.com,,,,,Yes,Full Bar,Casual,Yes,,,Yes,,Yes,,,,,Yes,Yes,,,,No,,Average,,Yes,,Yes,Yes,Yes,Yes,Free,namaste-baltimore-baltimore,Baltimore,US,"413 W Cold Spring Ln, Baltimore, MD 21210",4972.842927,https://s3-media4.fl.yelpcdn.com/bphoto/87-OX5HU_Bzq4vWlIUStug/o.jpg,39.3444608,-76.6306178,,2,4.5,MD,21210,Indian,Himalayan/Nepalese,,,,4:00 pm - 9:30 pm,11:30 am - 2:30 pm4:00 pm - 9:30 pm,11:30 am - 2:30 pm4:00 pm - 9:30 pm,11:30 am - 2:30 pm4:00 pm - 9:30 pm,11:30 am - 2:30 pm4:00 pm - 10:30 pm,12:00 pm - 3:00 pm4:00 pm - 10:30 pm,12:00 pm - 3:00 pm4:00 pm - 9:30 pm,Casual,2,1,0,1,0,0,0,,,,0,Street,,,,,1,(410) 889-2233,Namaste Baltimore,,,,,,Jennifer Lambert - waitress - might know the chefs - https://www.facebook.com/profile.php?id=100012821860156&ref=br_rs,,,,,,,,,,,,,
128,17,3,2,3,Yes,,,$11-30,153,https://www.yelp.com/biz/aago-newport-news-2,http://aagorestaurant.com,,,No,,Yes,Beer & Wine Only,Casual,Yes,,,Yes,,Yes,,,,,Yes,Yes,,,,No,,Average,,No,,Yes,Yes,Yes,,No,aago-newport-news-2,Newport News,US,"11745 Jefferson Ave, Unit 8, Newport News, VA 23606",83592.40116,https://s3-media1.fl.yelpcdn.com/bphoto/Sv9wa7o_HoTdqe4gLFKY9Q/o.jpg,37.08189371,-76.48100406,,2,4.5,VA,23606,Indian,Himalayan/Nepalese,,,,11:00 am - 2:30 pm5:00 pm - 9:30 pm,11:00 am - 2:30 pm5:00 pm - 9:30 pm,11:00 am - 2:30 pm5:00 pm - 9:30 pm,11:00 am - 2:30 pm5:00 pm - 9:30 pm,11:00 am - 2:30 pm5:00 pm - 10:00 pm,11:30 am - 3:00 pm5:00 pm - 10:00 pm,11:30 am - 3:00 pm5:00 pm - 9:00 pm,Casual,2,1,0,1,0,0,0,,,,0,PrivateLot,,,,,1,(757) 310-6457,Aago,,,,,,no info avaailable online,,,,,,,,,,,,,
33,3,1,1,2,Yes,,,$11-30,40,https://www.yelp.com/biz/zam-zam-kabobs-house-manassas,http://www.zamzamkabobs.com,,,No,,Yes,No,Casual,No,,,Yes,,No,,,,,Yes,Yes,,,,Yes,,Quiet,,No,,Yes,Yes,Yes,,No,zam-zam-kabobs-house-manassas,Manassas,US,"9091 Mathis Ave, Ste 101, Manassas, VA 20110",71509.68666,https://s3-media2.fl.yelpcdn.com/bphoto/XP2aP4yRIWdZZsSphp3qdg/o.jpg,38.75928497,-77.46396637,,2,4.5,VA,20110,Indian,Afghan,Pakistani,,,11:00 am - 10:00 pm,11:00 am - 10:00 pm,11:00 am - 10:00 pm,11:00 am - 10:00 pm,11:00 am - 11:00 pm,11:00 am - 11:00 pm,11:00 am - 10:00 pm,Casual,2,1,0,1,0,0,0,,,,0,,,,,,0,(571) 359-6971,Zam Zam Kabobs House,,,,,,owner - babar ali khan - https://www.facebook.com/babar.alikhan.1420354?fref=pb&hc_location=profile_browser,,,,,,,,,,,,,
33,10,3,1,0,Yes,,,Under $10,47,https://www.yelp.com/biz/germantown-kabob-and-sweets-germantown,http://www.germantownkabobandsweets.com,,,Yes,,Yes,No,Casual,Yes,,,Yes,,Yes,,,Yes,,Yes,Yes,,,,Yes,,Quiet,,No,,Yes,Yes,Yes,,Free,germantown-kabob-and-sweets-germantown,Germantown,US,"13541 Clopper Rd, Germantown, MD 20874",66418.45409,https://s3-media2.fl.yelpcdn.com/bphoto/UhZ0NN1lSCC73MXHyM8F0g/o.jpg,39.1620049,-77.2810469,,1,4.5,MD,20874,Indian,Halal,Pakistani,,,11:00 am - 10:00 pm,11:00 am - 10:00 pm,11:00 am - 10:00 pm,11:00 am - 10:00 pm,11:00 am - 10:00 pm,11:00 am - 10:00 pm,11:00 am - 10:00 pm,Casual,1,0,0,0,1,0,0,,,,0,,,,,,0,(301) 366-0951,Germantown Kabob & Sweets,,,,,,no info avaailable online,,,,,,,,,,,,,
69,17,5,0,3,Yes,,,Under $10,94,https://www.yelp.com/biz/tamarind-norfolk,http://www.tamarindnorfolk.com,,No,Yes,,Yes,No,Casual,Yes,,,Yes,,No,,,,,Yes,Yes,,,,Yes,,Quiet,,No,,Yes,No,Yes,No,No,tamarind-norfolk,Norfolk,US,"415 N Military Hwy, Ste 27, Norfolk, VA 23502",60829.03736,https://s3-media4.fl.yelpcdn.com/bphoto/flFJuinkeCIHromMJT1obA/o.jpg,36.8465195,-76.2112122,,1,4.5,VA,23502,Indian,Vegetarian,Pakistani,,,Closed,11:00 am - 8:00 pm,11:00 am - 8:00 pm,11:00 am - 8:00 pm,11:00 am - 8:00 pm,11:00 am - 8:00 pm,11:00 am - 8:00 pm,Casual,2,1,0,1,0,0,0,,,,0,PrivateLot,,,,,1,(757) 942-5611,Tamarind,,,,,,seema patel - owner - https://www.facebook.com/seema.patel.146,,,,,,,,,,,,,
70,13,0,1,1,Yes,,,$11-30,85,https://www.yelp.com/biz/tulip-grill-frederick,http://www.tulipgrill.com,,,No,,Yes,No,Casual,Yes,,,Yes,,Yes,,,Yes,,Yes,Yes,,,,Yes,,Quiet,,No,,Yes,Yes,Yes,,No,tulip-grill-frederick,Frederick,US,"4 S McCain Dr, Frederick, MD 21703",42926.08397,https://s3-media1.fl.yelpcdn.com/bphoto/0bp4KV2r26d87kxiDQyQLw/o.jpg,39.41767,-77.45303,,2,5,MD,21703,Indian,Halal,Pakistani,,,Closed,11:00 am - 9:00 pm,11:00 am - 9:00 pm,11:00 am - 9:00 pm,11:00 am - 9:30 pm,11:00 am - 9:30 pm,11:00 am - 9:00 pm,Casual,2,1,0,1,0,0,0,,,,0,PrivateLot,,,,,1,(301) 898-2032,Tulip Grill,,,,,,no info avaailable online,,,,,,,,,,,,,
